load_libraries,extraction,transformation,insertion
0.816081047058105,5.77530360221863,1.5061571598053,0.818783044815063
0.319369792938232,3.67183423042297,1.48552393913269,0.829171180725098
0.324831247329712,3.64174270629883,1.49898934364319,0.808509349822998
