carga_bibliotecas,extraccion,transformacion,insercion
0.319593667984009,3.72389006614685,1.23633575439453,0.860887765884399
0.338396310806274,3.88238978385925,1.24279928207397,0.866876602172852
