carga_bibliotecas,extraccion,transformacion,insercion
0.310970783233643,3.77861833572388,1.21568417549133,0.862182140350342
0.318832397460938,3.78007531166077,1.21438670158386,0.864507675170898
0.315850973129272,3.77348208427429,1.2272322177887,0.862625598907471
