load_libraries,extraction,transformation,insertion
0.316691398620605,3.64543461799622,1.26545548439026,0.874427556991577
0.335132837295532,3.98377680778503,1.2928261756897,0.875363826751709
