loaded_libraries,extraction_done,transformation_done,insertion_done,end_time
0.314788818359375,13.5611333847046,15.1920657157898,16.0259983539581,16.0262036323547
0.331812381744385,13.6398117542267,15.2522022724152,16.0826027393341,16.08278632164
