loaded_libraries;extraction_done;transformation_done;insertion_done;end_time
0.29854154586792;12.8785171508789;14.3620963096619;15.1719136238098;15.1720798015594
