carga_bibliotecas,extraccion,transformacion,insercion
0.299201250076294,23.7841360569,1.20139908790588,8.97946619987488
0.293467283248901,24.3567469120026,1.22282123565674,8.88396334648132
