carga_bibliotecas,extraccion,transformacion,insercion
0.288307428359985,24.4337811470032,1.22705245018005,9.55385661125183
0.287091970443726,24.6036422252655,1.18705105781555,9.14736175537109
0.289192199707031,25.7879276275635,1.22555732727051,8.92822670936584
