load_libraries,extraction,transformation,insertion
0.289835691452026,32.2836313247681,1.17625856399536,11.2918519973755
0.42725658416748,26.1913712024689,1.23631882667542,8.73240733146667
