loaded_libraries,extraction_done,transformation_done,insertion_done,end_time
0.334413766860962,19.5027973651886,20.5860252380371,28.4018838405609,28.4021873474121
0.338234663009644,19.5173411369324,20.5936086177826,28.1832242012024,28.1835148334503
