load_libraries,extraction,transformation,insertion
0.294055223464966,19.6432597637177,1.04886770248413,7.40002655982971
0.300329446792603,21.934775352478,1.07989287376404,7.63677096366882
0.301876306533813,20.7085516452789,1.04551649093628,7.92855405807495
