loaded_libraries;extraction_done;transformation_done;insertion_done;end_time
0.324828624725342;18.1018741130829;19.1326420307159;26.2238440513611;26.2241394519806
