data_source,carga_bibliotecas,carga,muestreo,svm_entrenamiento,ada_entrenamiento,rfs_entrenamiento,svm_testeo,ada_testeo,rfs_testeo
R,0.811045408248901,0.277883291244507,0.317146778106689,134.841271162033,392.949876785278,13.2511794567108,30.3976211547852,1.64887094497681,0.90757155418396
R,0.729058980941772,0.283044815063477,0.362411260604858,133.716255426407,392.295795917511,13.2731688022614,30.1717023849487,1.66169810295105,0.912739276885986
PostgreSQL,0.757768392562866,1.3551652431488,0.260000705718994,133.460230112076,385.85649728775,19.5401971340179,29.0149085521698,1.63928198814392,0.935015678405762
PostgreSQL,0.76223349571228,1.43650364875793,0.280663967132568,131.966393709183,378.735297441483,19.586145401001,29.2623698711395,1.60289239883423,0.949654340744019
MongoDB,0.79718017578125,7.49765276908875,0.451143741607666,131.914193630219,402.228159427643,19.8476719856262,28.9838490486145,1.62098717689514,0.937185049057007
MongoDB,0.705674409866333,7.83392214775085,0.440676212310791,131.335655927658,399.164687871933,19.7446286678314,29.0559439659119,1.62865853309631,0.941393852233887
