data_source,carga_bibliotecas,carga,muestreo,svm_entrenamiento,ada_entrenamiento,rfs_entrenamiento,svm_testeo,ada_testeo,rfs_testeo
R,0.711300849914551,0.256119966506958,0.309191465377808,139.999565839767,402.018355607986,14.134907245636,30.5969429016113,1.68958640098572,0.918603181838989
R,0.721002578735352,0.262431859970093,0.316128253936768,134.328250169754,396.50257396698,13.3066730499268,30.3858618736267,1.7336061000824,0.93657374382019
R,0.780327320098877,0.25373101234436,0.308507680892944,134.706699848175,379.54562664032,13.0159769058228,30.0772340297699,1.59102606773376,0.908582210540771
MongoDB,0.70260763168335,7.66622066497803,0.439784526824951,132.286751508713,393.820101261139,19.3394906520844,28.7912471294403,1.61079454421997,0.900696516036987
MongoDB,0.692630529403687,8.00992155075073,0.441579580307007,130.039031505585,393.145660638809,19.4328422546387,28.7825584411621,1.62365889549255,0.896633386611938
MongoDB,0.701388835906982,7.58601117134094,0.440951824188232,130.926174640656,397.0396463871,19.799439907074,28.9539680480957,1.61288261413574,0.901084661483765
PostgreSQL,0.757708311080933,1.33308434486389,0.251347303390503,133.107489109039,412.968756198883,21.3645238876343,30.775120973587,1.71746683120728,0.936104536056519
PostgreSQL,0.697818279266357,1.36118769645691,0.261132717132568,139.209059476852,387.989758968353,19.4145050048828,29.3796627521515,1.70476317405701,0.931390047073364
PostgreSQL,0.741168975830078,1.40035653114319,0.269886255264282,134.509053945541,388.610419273376,20.2373421192169,29.5119659900665,1.75160145759583,1.00839519500732
