data_source,end_time
R,505.94263958931
R,526.637976646423
R,508.561275005341
R,511.850509643555
PostgreSQL,513.075593709946
PostgreSQL,494.344471216202
PostgreSQL,492.359253644943
PostgreSQL,491.696966648102
MongoDB,506.732667446136
MongoDB,506.040331602097
MongoDB,508.126425027847
MongoDB,506.331173658371
