data_source,end_time
PostgreSQL,520.137403726578
PostgreSQL,521.419525146484
