data_source,load_libraries,extraction_done,sampling,svm_training,ada_training,rfs_training,svm_testing,ada_testing,rfs_testing
R,0.939682483673096,0.291790008544922,0.320659399032593,138.79131603241,402.061470746994,13.6907460689545,30.5991291999817,1.68725442886353,0.923188447952271
R,0.71837592124939,0.259210824966431,0.315213918685913,138.478868722916,398.827704191208,13.5218176841736,30.5144686698914,1.6870174407959,0.936779737472534
PostgreSQL,0.75329852104187,1.38530659675598,0.261978387832642,134.797976970673,385.747137069702,19.9484632015228,29.2635476589203,1.64946794509888,0.960436344146729
PostgreSQL,0.72856593132019,1.34747362136841,0.272740125656128,134.741997480392,391.538051843643,20.0207533836365,29.7208654880524,1.66346883773804,0.9686119556427
MongoDB,0.947856664657593,8.54720664024353,0.48350715637207,132.439536094666,409.438418626785,20.3457345962524,29.7401354312897,1.63767766952515,0.941979646682739
MongoDB,0.88374924659729,8.46751165390015,0.510407447814941,132.449840545654,403.320022583008,20.0227060317993,29.5648610591888,1.63780498504639,0.950527667999268
