data_source,loaded_libraries,extraction_done,sampling,svm_training,ada_training,rfs_training,svm_testing,ada_testing,rfs_testing
PostgreSQL,NA,1.0832128525,0.2850110531,143.1686336994,259.3318126202,21.0963609219,30.8440580368,1.5861873627,0.9397001266
PostgreSQL,8.0409145355,5.1277606487,9.156908989,124.3432905674,392.0045876503,20.7951259613,20.6529400349,1.5287187099,1.0152220726
MongoDB,NA,8.3607184887,0.3772466183,153.3164684772,260.3719899654,21.1810545921,30.1114439964,1.538916111,0.9358801842
MongoDB,5.7032485008,11.1590340137,0.2285134792,87.0205895901,401.0537011623,20.4428036213,19.7418866158,1.4947676659,0.9000611305
R,0.803804636,0.2933294773,0.3592581749,139.8452315331,402.2401862144,13.0920763016,31.3113217354,1.7293567657,0.9292345047
R,0.7106831074,0.2556655407,0.315066576,137.2642290592,402.0857815742,14.0477917194,30.7637045383,1.7358322144,0.9314262867
R,0.7230870724,0.2621705532,0.3178286552,138.3043234348,399.9391303062,14.5869133472,31.1078715324,1.6978049278,0.9366769791
