load_libraries,extraction,transformation,insertion
0.504696846008301,10.2794892787933,1.71238470077515,1.38568425178528
0.351991653442383,9.45356941223145,1.65097069740295,1.17712712287903
