carga_bibliotecas,extraccion,transformacion,insercion
0.347241878509521,8.63968110084534,1.67574453353882,1.28333115577698
0.366286516189575,8.59225678443909,1.57397818565369,1.24504494667053
