loaded_libraries,extraction_done,transformation_done,insertion_done,end_time
0.405782222747803,9.49832916259766,11.0886588096619,12.3565316200256,12.3579511642456
0.59706449508667,10.2186884880066,11.7914092540741,13.1745636463165,13.1756510734558
