load_libraries,extraction,transformation,insertion
0.383237361907959,8.21732974052429,1.419105052948,1.12543535232544
0.352344274520874,7.31066417694092,1.47574543952942,1.14036965370178
0.357527017593384,7.3993227481842,1.44143724441528,2.10927796363831
