carga_bibliotecas,extraccion,transformacion,insercion
0.339542388916016,8.56751441955566,1.66471838951111,1.21936511993408
0.341045379638672,8.03211784362793,1.6640145778656,1.11296892166138
0.343744039535522,14.4503397941589,1.62423205375671,1.23180198669434
