load_libraries,extraction,transformation,insertion
0.383237361907959,8.21732974052429,1.419105052948,1.12543535232544
0.352344274520874,7.31066417694092,1.47574543952942,1.14036965370178
0.357527017593384,7.3993227481842,1.44143724441528,2.10927796363831
0.00502896308898926,22.4746077060699,20.9875295162201,169.131902933121
0.377434968948364,12.8290510177612,1.65479731559753,1.28103613853455
0.379791498184204,11.5045394897461,1.76226663589478,1.45451927185059
