loaded_libraries;extraction_done;transformation_done;insertion_done;end_time
0.380484819412231;9.69343256950378;11.2365305423737;12.4504456520081;12.4515514373779
